;0;1;2;3;4;5;6;7;8;9;10;11;12
0;;;2.0;;;;9804.05359;7.0;4.0;;2.0;50.0;10.0
1;;;2.0;;;;5292.591007;3.0;4.0;;3.0;;
2;;;1.0;;;;27373.96185;4.0;3.0;;1.0;;
3;;;1.0;;;;46127.91885;1.0;3.0;;1.0;;
4;;;2.0;;;;21652.15899;7.0;4.0;;2.0;;
5;;;2.0;;;;8572.252713;3.0;4.0;;1.0;;
6;;4.0;2.0;2.0;212.0;2.0;2927.0;7.0;7.0;1910.0;2.0;;
7;;4.0;2.0;2.0;219.0;2.0;4373.0;7.0;7.0;1932.0;2.0;;
8;;;;;;;;;;;;;
9;;;2.0;;;;25682.38403;7.0;4.0;;2.0;;
10;;;2.0;;;;29301.97781;7.0;4.0;;2.0;;
11;;;2.0;;;;7176.478041;7.0;2.0;;2.0;;
12;;;2.0;;;;10071.14972;7.0;4.0;;2.0;;
13;;;2.0;;;;8550.048896;7.0;2.0;;2.0;;
14;;;2.0;;;;6719.952699;7.0;2.0;;2.0;;
15;;;2.0;;;;8838.048196;7.0;1.0;;2.0;;
16;;;2.0;;;;9774.789145;7.0;4.0;;2.0;;
17;;;2.0;;;;7588.409943;7.0;4.0;;2.0;;
18;;;2.0;;;;14279.0982;7.0;4.0;;2.0;;
19;;;2.0;;;;20182.34062;7.0;4.0;;2.0;;
20;;;2.0;;;;7386.067209;7.0;1.0;;2.0;;
21;;;2.0;;;;18326.6032;7.0;1.0;;2.0;;
22;;;2.0;;;;8746.81745;7.0;4.0;;2.0;;
23;;;2.0;;;;8563.705637;7.0;4.0;;2.0;;
24;;;2.0;;;;8070.204901;7.0;4.0;;2.0;;
25;;;2.0;;;;12331.66551;7.0;4.0;;2.0;;
26;;;1.0;;;;11724.82312;2.0;4.0;;1.0;;
27;;;2.0;;;;16307.91391;7.0;1.0;;2.0;;
28;;;2.0;;;;7453.050272;7.0;4.0;;2.0;;
29;;;2.0;;;;9095.296603;7.0;1.0;;2.0;;
30;;;2.0;;;;10876.52582;7.0;4.0;;2.0;;
31;;;2.0;;;;10000.0;7.0;6.0;;2.0;;
32;;;2.0;;;;500.7;3.0;8.0;;3.0;;
33;;;2.0;;;;12046.08169;7.0;1.0;;2.0;;
34;;;2.0;;;;25494.25545;7.0;1.0;;2.0;;
35;;;1.0;;;;155679.4152;2.0;3.0;;1.0;;
36;;4.0;2.0;1.0;269.0;3.0;2132.0;7.0;7.0;1971.0;2.0;;
37;;;1.0;;;;17795.94126;5.0;4.0;;1.0;;
38;;4.0;2.0;2.0;293.0;2.0;2937.0;7.0;7.0;1971.0;2.0;;
39;;;2.0;;;;12000.0;7.0;6.0;;2.0;;
40;;;1.0;;;;15739.62626;5.0;4.0;;1.0;;
41;;4.0;2.0;1.0;;;2152.0;7.0;7.0;1971.0;2.0;;
42;;;;;;;;;;;;;
43;;;2.0;;;;12000.0;7.0;6.0;;4.0;;
44;;;2.0;;;;44381.99277;3.0;4.0;;5.0;;
45;;;;;;;;;;;;;
46;;;1.0;;;;29555.23139;1.0;3.0;;1.0;;
47;;;2.0;;;;12000.0;7.0;6.0;;2.0;;
48;;;2.0;;;;12000.0;7.0;6.0;;2.0;;
49;;4.0;2.0;6.0;;;4434.0;3.0;7.0;;1.0;;
50;;;2.0;;;;8949.903408;3.0;4.0;;4.0;;
51;;;1.0;;;;44244.68214;4.0;4.0;;1.0;;
52;;;1.0;;;;39788.21813;4.0;4.0;;1.0;;
53;;;2.0;;;;32547.1;3.0;8.0;;3.0;;
54;;4.0;2.0;2.0;414.0;3.0;2572.0;7.0;7.0;1910.0;2.0;;
55;;;1.0;;;;17265.74384;4.0;4.0;;1.0;;
56;;4.0;2.0;2.0;230.0;2.0;2154.0;7.0;7.0;1955.0;2.0;;
57;;4.0;2.0;2.0;64.0;1.0;3984.0;7.0;7.0;1971.0;2.0;;
58;;;1.0;;;;16691.4175;2.0;4.0;;1.0;;
59;;;;;;;;;;;;;
60;;;2.0;;;;3774.555987;3.0;4.0;;4.0;;
61;;;2.0;;;;2918.547745;3.0;4.0;;3.0;;
62;;4.0;2.0;1.0;396.0;2.0;1877.0;7.0;7.0;1982.0;2.0;;
63;;4.0;3.0;2.0;;2.0;2182.0;7.0;7.0;1955.0;2.0;;
64;;4.0;3.0;4.0;1173.0;3.0;8866.0;7.0;7.0;1955.0;2.0;;
65;;4.0;2.0;3.0;517.0;2.0;2939.0;7.0;7.0;1955.0;2.0;;
66;;4.0;2.0;1.0;515.0;2.0;2619.0;7.0;7.0;1910.0;2.0;;
67;;4.0;2.0;2.0;348.0;2.0;2570.0;7.0;7.0;1955.0;2.0;;
68;;4.0;2.0;2.0;304.0;3.0;2815.0;7.0;7.0;1955.0;2.0;;
69;;4.0;2.0;1.0;101.0;;736.0;7.0;7.0;1955.0;2.0;;
70;;4.0;3.0;2.0;441.0;2.0;2335.0;7.0;7.0;1955.0;2.0;;
71;;4.0;2.0;4.0;29.0;4.0;1123.0;7.0;7.0;1910.0;2.0;;
72;;4.0;2.0;1.0;317.0;3.0;3211.0;7.0;7.0;1955.0;2.0;;
73;;4.0;2.0;2.0;315.0;4.0;2555.0;7.0;7.0;1982.0;2.0;;
74;;4.0;2.0;2.0;387.0;3.0;2061.0;7.0;7.0;1910.0;2.0;;
75;;4.0;3.0;1.0;171.0;5.0;1303.0;7.0;7.0;1955.0;2.0;;
76;;;2.0;;;;3103.053103;3.0;1.0;;1.0;;
77;;4.0;2.0;3.0;241.0;3.0;2418.0;7.0;7.0;1910.0;2.0;;
78;;4.0;2.0;2.0;427.0;2.0;2403.0;7.0;7.0;1910.0;2.0;;
79;;4.0;2.0;4.0;1164.0;4.0;11710.0;7.0;7.0;1955.0;2.0;;
80;;;2.0;;;;2158.322496;3.0;4.0;;3.0;;
81;;4.0;2.0;2.0;284.0;2.0;2678.0;7.0;7.0;1982.0;2.0;;
82;;4.0;3.0;2.0;235.0;2.0;1078.0;7.0;7.0;1932.0;2.0;;
83;;4.0;2.0;1.0;40.0;4.0;1205.0;7.0;7.0;1971.0;2.0;;
84;;4.0;2.0;3.0;353.0;2.0;3157.0;7.0;7.0;1971.0;2.0;;
85;;4.0;2.0;2.0;383.0;3.0;2961.0;7.0;7.0;1910.0;2.0;;
86;;;2.0;;;;18932.42366;3.0;3.0;;5.0;;
87;;4.0;2.0;1.0;235.0;3.0;1065.0;7.0;7.0;1982.0;2.0;;
88;;4.0;2.0;2.0;359.0;3.0;2708.0;7.0;7.0;1910.0;2.0;;
89;;4.0;3.0;2.0;1104.0;2.0;12732.0;7.0;7.0;1955.0;2.0;;
90;;4.0;2.0;1.0;201.0;3.0;1086.0;7.0;7.0;1971.0;2.0;;
91;;4.0;2.0;2.0;300.0;4.0;1737.0;7.0;7.0;1910.0;2.0;;
92;;4.0;2.0;2.0;583.0;3.0;2991.0;7.0;7.0;1910.0;2.0;;
93;;4.0;2.0;3.0;;3.0;10133.0;3.0;7.0;1955.0;3.0;;
94;100.0;;2.0;;;;1938.328192;3.0;1.0;;1.0;;
95;;;2.0;;;;5351.2128;3.0;3.0;;3.0;;
96;;4.0;2.0;2.0;1071.0;3.0;8255.0;7.0;7.0;1982.0;2.0;;
97;;4.0;2.0;3.0;489.0;2.0;2777.0;7.0;7.0;1955.0;2.0;;
98;;4.0;2.0;1.0;313.0;2.0;2238.0;7.0;7.0;1982.0;2.0;;
99;;4.0;2.0;1.0;197.0;3.0;1014.0;7.0;7.0;1971.0;2.0;;
100;87.0;;2.0;;;;8639.421582;3.0;1.0;;1.0;;
101;;4.0;2.0;3.0;956.0;2.0;8711.0;7.0;7.0;1932.0;2.0;;
102;;4.0;2.0;2.0;333.0;3.0;1691.0;7.0;7.0;1910.0;2.0;;
103;;4.0;2.0;1.0;456.0;3.0;3323.0;7.0;7.0;1955.0;2.0;;
104;;4.0;2.0;1.0;193.0;;1281.0;7.0;7.0;1910.0;2.0;;
105;;;2.0;;;;2008.377054;3.0;4.0;;1.0;;
106;;;2.0;;;;8143.969883;3.0;4.0;;4.0;;
107;;4.0;2.0;1.0;402.0;3.0;2164.0;7.0;7.0;1982.0;2.0;;
108;;;2.0;;;;475.6;3.0;8.0;;3.0;;
109;;4.0;2.0;2.0;287.0;3.0;1468.0;7.0;7.0;1971.0;2.0;;
110;88.0;;2.0;;;;7837.761595;3.0;1.0;;1.0;;
111;;4.0;2.0;4.0;1500.0;2.0;11955.0;7.0;7.0;1955.0;2.0;;
112;;4.0;2.0;3.0;362.0;3.0;3462.0;7.0;7.0;1910.0;2.0;;
113;;;;;;;;;;;;;
114;;;2.0;;;;3761.828276;3.0;4.0;;4.0;;
115;;4.0;2.0;1.0;464.0;3.0;2215.0;7.0;7.0;1932.0;2.0;;
116;;;2.0;;;;3837.079706;3.0;4.0;;4.0;;
117;;4.0;2.0;2.0;197.0;4.0;1391.0;7.0;7.0;1971.0;2.0;;
118;;4.0;2.0;2.0;875.0;3.0;11201.0;7.0;7.0;1932.0;2.0;;
119;;;2.0;;;;5707.867417;3.0;4.0;;4.0;;
120;;;2.0;;;;4507.560657;3.0;4.0;;4.0;;
121;;4.0;2.0;3.0;1695.0;2.0;12924.0;7.0;7.0;1971.0;2.0;;
122;;;2.0;;;;11568.37446;3.0;4.0;;5.0;;
123;;4.0;3.0;3.0;34.0;3.0;705.0;8.0;7.0;1982.0;4.0;;
124;83.0;;2.0;;;;3446.329688;3.0;1.0;;1.0;;
125;;4.0;2.0;3.0;524.0;3.0;2692.0;7.0;7.0;1910.0;2.0;;
126;;4.0;2.0;3.0;1140.0;3.0;11285.0;7.0;7.0;1955.0;2.0;;
127;;;2.0;;;;3830.948108;3.0;4.0;;4.0;;
128;;4.0;2.0;1.0;392.0;3.0;2193.0;7.0;7.0;1971.0;2.0;;
129;;;2.0;;;;16645.1518;3.0;5.0;;3.0;;
130;;;2.0;;;;1681.9;3.0;8.0;;1.0;;
131;;4.0;2.0;2.0;403.0;2.0;2151.0;7.0;7.0;1971.0;2.0;;
132;;4.0;2.0;1.0;389.0;3.0;1584.0;7.0;7.0;1955.0;2.0;;
133;46.0;;2.0;;;;21437.08854;3.0;1.0;;4.0;;
134;;;2.0;;;;12796.9;3.0;8.0;;3.0;;
135;;4.0;2.0;3.0;856.0;6.0;8794.0;7.0;7.0;1971.0;2.0;;
136;;;2.0;;;;15681.19027;3.0;4.0;;4.0;;
137;;4.0;2.0;16.0;;5.0;5843.0;3.0;7.0;;4.0;;
138;;4.0;2.0;2.0;219.0;4.0;1597.0;7.0;7.0;1910.0;2.0;;
139;;4.0;2.0;4.0;;6.0;2844.0;7.0;7.0;1982.0;2.0;;
140;;4.0;2.0;1.0;149.0;3.0;1295.0;7.0;7.0;1971.0;2.0;;
141;;;2.0;;;;6754.884227;3.0;1.0;;1.0;;
142;;;2.0;;;;11546.82097;3.0;4.0;;3.0;;
143;;1.0;2.0;2.0;1400.0;;14475.0;7.0;7.0;;2.0;;
144;;;2.0;;;;15497.52104;3.0;4.0;;4.0;;
145;;;2.0;;;2.0;1460.0;3.0;7.0;;3.0;;
146;;4.0;2.0;4.0;1598.0;4.0;9516.0;7.0;7.0;1932.0;2.0;;
147;;;2.0;;;;4106.591309;3.0;5.0;;3.0;;
148;;4.0;2.0;2.0;909.0;3.0;6382.0;7.0;7.0;1955.0;2.0;;
149;;;2.0;;;;12755.30319;3.0;3.0;;1.0;;
150;;2.0;3.0;7.0;188.0;2.0;3155.0;6.0;7.0;;1.0;;
151;;4.0;2.0;1.0;230.0;4.0;1201.0;7.0;7.0;1971.0;2.0;;
152;;;2.0;;;2.0;1578.0;3.0;7.0;;1.0;;
153;;;2.0;;;;4420.138934;3.0;1.0;;1.0;;
154;85.0;;2.0;;;;5255.429807;3.0;1.0;;1.0;;
155;;;2.0;;;;8669.057639;3.0;4.0;;4.0;;
156;;;2.0;;;;12244.33669;3.0;5.0;;1.0;;
157;;4.0;2.0;3.0;1395.0;2.0;11247.0;7.0;7.0;1971.0;2.0;;
158;;4.0;2.0;2.0;124.0;4.0;1589.0;7.0;7.0;1955.0;2.0;;
159;;;2.0;;;;8686.4305;3.0;4.0;;4.0;;
160;;;2.0;;;;20115.91498;3.0;5.0;;4.0;;
161;91.0;;2.0;;;;7451.285115;3.0;1.0;;1.0;;
162;;;2.0;;;;1704.026826;3.0;4.0;;5.0;;
163;;4.0;2.0;1.0;214.0;3.0;1432.0;7.0;7.0;1982.0;2.0;;
164;;;;;;;;;;;;;
165;;;2.0;;;;887.409456;3.0;4.0;;5.0;;
166;;;2.0;;;;1885.094773;3.0;4.0;;4.0;;
167;;4.0;2.0;2.0;262.0;2.0;1769.0;7.0;7.0;1982.0;2.0;;
168;47.0;;2.0;;;;2693.350873;3.0;1.0;;1.0;;
169;;;2.0;;;;3673.198814;3.0;4.0;;4.0;;
170;;4.0;2.0;8.0;;3.0;7721.0;3.0;7.0;;4.0;;
171;;;;;;;;;;;;;
172;;;2.0;;;;7462.433475;3.0;4.0;;3.0;;
173;;4.0;2.0;2.0;322.0;2.0;2253.0;7.0;7.0;1955.0;2.0;;
174;;;;;;;;;;;;;
175;;4.0;2.0;4.0;1598.0;3.0;14868.0;7.0;7.0;1955.0;2.0;;
176;;;2.0;;;;3913.910487;3.0;4.0;;1.0;;
177;;;2.0;;;;2670.96125;3.0;5.0;;1.0;;
178;;4.0;2.0;1.0;270.0;3.0;6149.0;7.0;7.0;1982.0;2.0;;
179;;;2.0;;;;3921.807242;3.0;5.0;;1.0;;
180;;;2.0;;;;4120.433856;3.0;4.0;;4.0;;
181;;;2.0;;;;7271.332004;3.0;5.0;;3.0;;
182;94.0;;2.0;;;;12239.50574;3.0;1.0;;1.0;;
183;;;2.0;;;;2766.465534;3.0;5.0;;1.0;;
184;;;2.0;;;;11102.74463;3.0;1.0;;1.0;;
185;;;2.0;;;;8173.327231;3.0;4.0;;1.0;;
186;;;2.0;;;1.0;2293.0;3.0;7.0;;1.0;;
187;;;2.0;;;;1070.614172;3.0;4.0;;1.0;;
188;;;2.0;;1947.0;;8558.317263;3.0;1.0;;1.0;;
189;;;2.0;;;;1555.567832;3.0;5.0;;2.0;;
190;;;2.0;;;;6891.54454;3.0;5.0;;1.0;;
191;;;2.0;;;;1697.988131;3.0;4.0;;4.0;;
192;;;2.0;;;;9162.465472;3.0;4.0;;4.0;;
193;;;2.0;;;;4562.280524;3.0;5.0;;4.0;;
194;;;2.0;;;;2335.488517;3.0;5.0;;3.0;;
195;;;2.0;;;;51394.86863;3.0;5.0;;4.0;;
196;;;;;;;;;;;;;
197;;;2.0;;;;8099.933861;3.0;1.0;;1.0;;
198;;;2.0;;;;4541.191543;3.0;4.0;;4.0;;
199;86.0;;2.0;;;;8824.670164;3.0;1.0;;1.0;;
200;;;2.0;;;;4559.493434;3.0;5.0;;3.0;;
201;;;2.0;;;;12411.28338;3.0;4.0;;4.0;;
202;;;2.0;;;;1186.650019;3.0;5.0;;3.0;;
203;;;2.0;;;;7028.11195;3.0;5.0;;3.0;;
204;;;2.0;;;;5525.498828;3.0;1.0;;1.0;;
205;;;2.0;;;2.0;4209.0;3.0;7.0;;3.0;;
206;;;2.0;;;;4931.012531;3.0;1.0;;1.0;;
207;;;2.0;;;;2909.350348;3.0;4.0;;1.0;;
208;;;2.0;;;;10856.08716;3.0;4.0;;5.0;;
209;;;2.0;;511.0;;2521.851935;3.0;1.0;;5.0;;
210;91.0;;2.0;;;;4900.447444;3.0;1.0;;1.0;;
211;85.0;;2.0;;;;10874.66776;3.0;1.0;;4.0;;
212;49.0;;2.0;;;;16494.92765;3.0;1.0;;4.0;;
213;;;2.0;;;;3051.027423;3.0;5.0;;4.0;;
214;94.0;;2.0;;;;6302.446617;3.0;1.0;;1.0;;
215;;;2.0;;;3.0;5733.0;3.0;7.0;;3.0;;
216;;;2.0;;;;400.783542;3.0;5.0;;3.0;;
217;;;2.0;;;;8913.485432;3.0;5.0;;3.0;;
218;;;2.0;;;;14463.32485;3.0;5.0;;1.0;;
219;;;2.0;;;;7013.061664;3.0;3.0;;1.0;;
220;;;2.0;;;;7702.680633;3.0;4.0;;4.0;;
221;;;2.0;;;;1846.540028;3.0;4.0;;4.0;;
222;;;2.0;;;;25900.89189;3.0;4.0;;4.0;;
223;;;2.0;;;;13254.65682;3.0;1.0;;5.0;;
224;;4.0;2.0;8.0;;2.0;6013.0;3.0;7.0;;4.0;;
225;;;2.0;;;5.0;5690.0;3.0;7.0;;3.0;;
226;;;2.0;;;;3382.226618;3.0;5.0;;4.0;;
227;;;2.0;;;;5258.495606;3.0;3.0;;3.0;;
228;9.0;;2.0;;;;9124.189436;3.0;1.0;;1.0;;
229;;;2.0;;;;6131.505097;3.0;4.0;;4.0;;
230;;;2.0;;;;6873.1;3.0;8.0;;5.0;;
231;;;2.0;;;;5327.336729;3.0;3.0;;1.0;;
232;;;2.0;;;;4367.091321;3.0;4.0;;4.0;;
233;83.0;;2.0;;;;6929.077352;3.0;1.0;;4.0;;
234;;;2.0;;;;2239.241009;3.0;4.0;;4.0;;
235;;;2.0;;;;3758.948283;3.0;4.0;;3.0;;
236;;;2.0;;;;21947.59053;3.0;3.0;;1.0;;
237;;2.0;3.0;7.0;1815.0;4.0;76203.0;6.0;7.0;1868.0;1.0;;
238;;4.0;2.0;7.0;;4.0;9548.0;3.0;7.0;;4.0;;
239;;;2.0;;;;11307.59574;3.0;1.0;;1.0;;
240;;;2.0;;;;8892.396451;3.0;5.0;;3.0;;
241;;4.0;2.0;10.0;;3.0;6181.0;3.0;7.0;;4.0;;
242;;;2.0;;;;10498.039;3.0;4.0;;4.0;;
243;;;2.0;;;;3772.883733;3.0;4.0;;1.0;;
244;;;2.0;;;;2187.772747;3.0;5.0;;1.0;;
245;;;2.0;;;;15232.28298;3.0;5.0;;1.0;;
246;;;2.0;;;;901.437809;3.0;5.0;;1.0;;
247;;;2.0;;;;8975.544636;3.0;1.0;;1.0;;
248;;4.0;2.0;7.0;;6.0;9565.0;3.0;7.0;;4.0;;
249;;;2.0;;;;4697.826001;3.0;4.0;;3.0;;
250;;;2.0;;;;26286.53224;3.0;5.0;;3.0;;
251;;;2.0;;;;60210.0;3.0;8.0;;5.0;;
252;;;2.0;;;;2836.421493;3.0;4.0;;3.0;;
253;;;2.0;;;;2875.254947;3.0;5.0;;4.0;;
254;45.0;;2.0;;;;16250.96437;3.0;1.0;;4.0;;
255;;;2.0;;;;9244.0;3.0;8.0;;1.0;;
256;;4.0;2.0;8.0;;3.0;2937.0;3.0;7.0;;1.0;;
257;;;2.0;;;;6683.070208;3.0;1.0;;1.0;;
258;;;2.0;;;;5782.096914;3.0;5.0;;3.0;;
259;;;2.0;;;;12683.30337;3.0;4.0;;4.0;;
260;;;2.0;;;;5416.895221;3.0;4.0;;3.0;;
261;;4.0;3.0;11.0;410.0;6.0;22569.0;6.0;7.0;;1.0;;
262;;;2.0;;;;10340.47551;3.0;5.0;;4.0;;
263;;;2.0;;;;2284.113158;3.0;5.0;;3.0;;
264;;;2.0;;;;11895.67173;3.0;4.0;;4.0;;
265;;;2.0;;;;3482.468955;3.0;4.0;;1.0;;
266;;4.0;3.0;5.0;46.0;4.0;1058.0;6.0;7.0;;1.0;;
267;;;2.0;;;;8030.2;3.0;8.0;;5.0;;
268;;;2.0;;;;5968.7;3.0;8.0;;5.0;;
269;;;2.0;;;;1255.305336;3.0;4.0;;3.0;;
270;56.0;;2.0;;;;21678.07892;3.0;1.0;;4.0;;
271;;4.0;2.0;1.0;71.0;2.0;1047.0;7.0;7.0;1971.0;2.0;;
272;;;2.0;;;1.0;6041.0;3.0;7.0;;3.0;;
273;;;2.0;;;;2173.186976;3.0;5.0;;1.0;;
274;;;2.0;;;2.0;5960.0;3.0;7.0;;1.0;;
275;;;2.0;;;;7860.987345;3.0;4.0;;1.0;;
276;;3.0;2.0;1.0;192.0;5.0;811.0;7.0;7.0;1971.0;2.0;;
277;;;2.0;;;;17376.67002;3.0;4.0;;1.0;;
278;;;2.0;;;;8019.665669;3.0;5.0;;4.0;;
279;;;2.0;;;;6033.2;3.0;8.0;;5.0;;
280;;;2.0;;;;16780.60438;3.0;4.0;;3.0;;
281;;;2.0;;;;9723.878301;3.0;4.0;;1.0;;
282;;;2.0;;;;399.297094;3.0;4.0;;3.0;;
283;;4.0;2.0;6.0;;3.0;3560.0;3.0;7.0;;5.0;;
284;58.0;;2.0;;;;14241.937;3.0;1.0;;4.0;;
285;;;2.0;;;;1317.829055;3.0;1.0;;3.0;;
286;;;2.0;;;;12733.7497;3.0;5.0;;3.0;;
287;;;2.0;;;;11282.14032;3.0;5.0;;1.0;;
288;;;2.0;;;;3338.562208;3.0;4.0;;4.0;;
289;;;2.0;;;1.0;3007.0;3.0;7.0;;3.0;;
290;;;2.0;;;3.0;2891.0;3.0;7.0;;3.0;;
291;56.0;;2.0;;;;6582.363356;3.0;1.0;;1.0;;
292;;5.0;2.0;12.0;;5.0;16221.0;3.0;7.0;;1.0;;
293;;;2.0;;;;11052.2983;3.0;5.0;;1.0;;
294;;;2.0;;;;3675.056874;3.0;4.0;;5.0;;
295;;;2.0;;;;1369.761832;3.0;4.0;;1.0;;
296;;;2.0;;1370.0;;5385.029492;3.0;1.0;;3.0;;
297;;;2.0;;;;3132.038839;3.0;5.0;;1.0;;
298;49.0;;2.0;;;;14592.27421;3.0;1.0;;4.0;;
299;;;2.0;;;;6616.923272;3.0;5.0;;3.0;;
300;;;2.0;;2417.0;;9319.09993;3.0;1.0;;3.0;;
301;;;2.0;;;;2842.460188;3.0;5.0;;3.0;;
302;;;2.0;;3537.0;;15435.92635;3.0;1.0;;3.0;;
303;;;2.0;;;;19707.32758;3.0;5.0;;4.0;;
304;;;2.0;;;;3044.059698;3.0;4.0;;1.0;;
305;;;2.0;;;;8477.677459;3.0;4.0;;3.0;;
306;;;2.0;;;;4587.921752;3.0;5.0;;5.0;;
307;;;2.0;;;;8220.614858;3.0;5.0;;3.0;;
308;;;2.0;;;;10371.22641;3.0;5.0;;3.0;;
309;;;2.0;;;;3174.588413;3.0;5.0;;3.0;;
310;;;2.0;;;;7287.125514;3.0;4.0;;4.0;;
311;29.0;;2.0;;;;9285.283238;3.0;1.0;;1.0;;
312;;;2.0;;;;9811.671636;3.0;4.0;;5.0;;
313;;;2.0;;;;4806.057996;3.0;5.0;;1.0;;
314;;;2.0;;;;13759.0272;3.0;5.0;;1.0;;
315;69.0;;2.0;;;;964.797655;3.0;1.0;;1.0;;
316;;4.0;3.0;10.0;283.0;4.0;5630.0;6.0;7.0;;1.0;;
317;;;2.0;;;3.0;4600.0;3.0;7.0;;3.0;;
318;;;2.0;;;3.0;1515.0;3.0;7.0;;5.0;;
319;;;2.0;;;;7177.964489;3.0;4.0;;3.0;;
320;;;2.0;;;;22757.89049;3.0;5.0;;3.0;;
321;;;2.0;;;;13051.75666;3.0;4.0;;3.0;;
322;;;2.0;;;;7158.640665;3.0;3.0;;1.0;;
323;;;2.0;;;;16001.98433;3.0;3.0;;5.0;;
324;;;2.0;;;;695.007343;3.0;5.0;;3.0;;
325;91.0;;2.0;;;;8556.273397;3.0;1.0;;1.0;;
326;;4.0;3.0;9.0;1580.0;4.0;122223.0;6.0;7.0;1200.0;1.0;;
327;;;2.0;;;;6021.786654;3.0;4.0;;1.0;;
328;75.0;;2.0;;;;14636.40314;3.0;1.0;;1.0;;
329;;;2.0;;;;11941.75162;3.0;3.0;;3.0;;
330;;;2.0;;;;576.277309;3.0;5.0;;1.0;;
331;;;;;;;;;;;;;
332;;;2.0;;;;7831.7229;3.0;5.0;;3.0;;
333;;;2.0;;;;5332.074782;3.0;1.0;;1.0;;
334;;;2.0;;;;13038.47154;3.0;5.0;;1.0;;
335;;;;;;;;;;;;;
336;;;2.0;;;;3328.621587;3.0;1.0;;1.0;;
337;;;2.0;;;;10710.60106;3.0;4.0;;1.0;;
338;;;2.0;;;;6100.289689;3.0;4.0;;4.0;;
339;;4.0;3.0;10.0;525.0;4.0;10905.0;6.0;7.0;1889.0;1.0;;
340;;;2.0;;;;9181.510587;3.0;5.0;;3.0;;
341;;3.0;2.0;8.0;;4.0;4607.0;3.0;7.0;;4.0;;
342;;;2.0;;;;3825.652637;3.0;5.0;;3.0;;
343;;;2.0;;;;7724.048323;3.0;4.0;;4.0;;
344;;;2.0;;;3.0;1070.0;3.0;7.0;;1.0;;
345;;;2.0;;;;5453.684809;3.0;1.0;;1.0;;
346;;;2.0;;;;8445.161409;3.0;5.0;;3.0;;
347;;;2.0;;;;9269.303922;3.0;4.0;;3.0;;
348;;;2.0;;4144.0;;15251.5139;3.0;1.0;;3.0;;
349;;;2.0;;;;9888.59532;3.0;5.0;;4.0;;
350;;;2.0;;;3.0;1032.0;3.0;7.0;;1.0;;
351;;;2.0;;;;2365.589089;3.0;1.0;;1.0;;
352;;;2.0;;2740.0;;10421.67273;3.0;1.0;;1.0;;
353;;;2.0;;;;846.439233;3.0;4.0;;3.0;;
354;;;;;;;;;;;;;
355;;;2.0;;;;6635.225163;3.0;5.0;;5.0;;
356;;;2.0;;;;5582.169658;3.0;5.0;;4.0;;
357;;;2.0;;;;7772.26498;3.0;5.0;;1.0;;
358;;;2.0;;;;1899.308932;3.0;1.0;;1.0;;
359;;;2.0;;;;8262.235402;3.0;5.0;;5.0;;
360;;;2.0;;;;2609.087852;3.0;4.0;;5.0;;
361;;;2.0;;;;8094.731293;3.0;1.0;;1.0;;
362;;;2.0;;;;15887.15622;3.0;4.0;;5.0;;
363;;;2.0;;;;15727.54887;3.0;4.0;;4.0;;
364;;;2.0;;;;6698.492106;3.0;5.0;;3.0;;
365;;;2.0;;1344.0;;5059.590283;3.0;1.0;;3.0;;
366;;;2.0;;2130.0;;7439.486434;3.0;1.0;;3.0;;
367;;;2.0;;;;10123.73281;3.0;4.0;;3.0;;
368;;;;;;;;;;;;;
369;;;2.0;;;;17103.25649;3.0;1.0;;5.0;;
370;;;2.0;;;;12731.42712;3.0;5.0;;5.0;;
371;;;2.0;;;;21726.57429;3.0;4.0;;5.0;;
372;;;2.0;;;;5543.057495;3.0;4.0;;1.0;;
373;;;2.0;;;;2413.341231;3.0;1.0;;1.0;;
374;;;2.0;;;;4403.416394;3.0;4.0;;3.0;;
375;;;2.0;;;;960.059602;3.0;5.0;;2.0;;
376;;;2.0;;;;8593.5275;3.0;1.0;;1.0;;
377;;;2.0;;;;6122.958021;3.0;5.0;;5.0;;
378;;4.0;3.0;10.0;721.0;4.0;18098.0;6.0;7.0;;1.0;;
379;;;2.0;;;2.0;3948.0;3.0;7.0;;1.0;;
380;;;2.0;;;;11608.22985;3.0;3.0;;5.0;;
381;;4.0;2.0;8.0;;5.0;1942.6;3.0;7.0;;1.0;;
382;;;2.0;;3741.0;;13905.62814;3.0;1.0;;3.0;;
383;;;2.0;;;;5937.895245;3.0;1.0;;5.0;;
384;;;2.0;;;;17851.49726;3.0;1.0;;5.0;;
385;;4.0;3.0;9.0;393.0;5.0;10203.0;6.0;7.0;1904.0;1.0;;
386;;;2.0;;;;9694.892565;3.0;4.0;;1.0;;
387;;;2.0;;;;6930.470897;3.0;4.0;;5.0;;
388;;4.0;3.0;7.0;264.0;4.0;3410.0;6.0;7.0;1900.0;1.0;;
389;;;2.0;;;;9828.301273;3.0;4.0;;4.0;;
390;;;2.0;;;;8479.535519;3.0;5.0;;5.0;;
391;;;2.0;;;;12236.25413;3.0;5.0;;5.0;;
392;;;2.0;;;;8339.90231;3.0;5.0;;5.0;;
393;;;2.0;;;;1966.570704;3.0;4.0;;4.0;;
394;;;2.0;;;;2884.916859;3.0;4.0;;1.0;;
395;;;2.0;;;;13275.9316;3.0;4.0;;4.0;;
396;;;2.0;;3188.0;;12692.77947;3.0;1.0;;1.0;;
397;;;2.0;;;;11797.28746;3.0;5.0;;3.0;;
398;;;2.0;;;;2641.418096;3.0;4.0;;5.0;;
399;;;2.0;;;;12311.31975;3.0;5.0;;5.0;;
400;;;2.0;;;;941.571905;3.0;5.0;;1.0;;
401;;;2.0;;;;18806.81881;3.0;5.0;;1.0;;
402;;;2.0;;;;14672.4495;3.0;4.0;;1.0;;
403;;;2.0;;;;3758.019253;3.0;4.0;;4.0;;
404;;;2.0;;;;909.334564;3.0;5.0;;5.0;;
405;;;2.0;;;;9795.134902;3.0;4.0;;3.0;;
406;;3.0;3.0;7.0;97.0;5.0;1719.0;6.0;7.0;;1.0;;
407;;;2.0;;;;8930.207972;3.0;5.0;;5.0;;
408;;;2.0;;;;1650.5;3.0;8.0;;1.0;;
409;;3.0;2.0;7.0;;4.0;6193.0;3.0;7.0;;4.0;;
410;;;2.0;;;;3715.005164;3.0;1.0;;5.0;;
411;;;2.0;;;;8444.8827;3.0;5.0;;3.0;;
412;;;2.0;;;;18984.63515;3.0;5.0;;5.0;;
413;;4.0;2.0;8.0;;3.0;2833.1;3.0;7.0;;1.0;;
414;;;2.0;;;;5284.880058;3.0;3.0;;3.0;;
415;;;2.0;;;;18954.90619;3.0;4.0;;5.0;;
416;;;2.0;;;;9493.850473;3.0;1.0;;1.0;;
417;;;2.0;;;6.0;6031.0;3.0;7.0;;3.0;;
418;;;2.0;;;;2996.679168;3.0;1.0;;5.0;;
419;;;2.0;;;;6580.505296;3.0;5.0;;1.0;;
420;;;2.0;;;;3239.992125;3.0;4.0;;3.0;;
421;;;2.0;;;;9116.106875;3.0;4.0;;5.0;;
422;;;2.0;;;;12046.17459;3.0;4.0;;4.0;;
423;;;2.0;;;;13014.96708;3.0;5.0;;3.0;;
424;;;2.0;;;;10254.63314;3.0;4.0;;1.0;;
425;;;2.0;;;;4603.622359;3.0;4.0;;1.0;;
426;;;2.0;;;;4984.338853;3.0;4.0;;5.0;;
427;;;2.0;;;;4118.575796;3.0;4.0;;1.0;;
428;;;2.0;;;;14537.74015;3.0;1.0;;5.0;;
429;;;2.0;;;4.0;7810.0;3.0;7.0;;5.0;;
430;;;2.0;;;;11389.16458;3.0;5.0;;5.0;;
431;;;2.0;;;;7197.102507;3.0;5.0;;5.0;;
432;;4.0;2.0;8.0;;;12850.0;3.0;7.0;;5.0;;
433;;4.0;2.0;6.0;;4.0;5686.0;3.0;7.0;;5.0;;
434;;;2.0;;;;3134.454317;3.0;5.0;;5.0;;
435;;;2.0;;;;6580.969811;3.0;5.0;;1.0;;
436;;;2.0;;;;3745.012833;3.0;4.0;;3.0;;
437;;;2.0;;;;3079.548644;3.0;4.0;;5.0;;
438;;4.0;3.0;10.0;818.0;4.0;13995.0;6.0;7.0;1914.0;1.0;;
439;;;2.0;;;;22419.72357;3.0;4.0;;5.0;;
440;;;2.0;;;;3972.067765;3.0;4.0;;1.0;;
441;;;2.0;;;;6619.152944;3.0;5.0;;5.0;;
442;;;2.0;;3090.0;;11435.98769;3.0;1.0;;3.0;;
443;;;2.0;;;;20402.24202;3.0;5.0;;5.0;;
444;;;2.0;;;;4908.901617;3.0;3.0;;5.0;;
445;;;2.0;;;;4453.212402;3.0;4.0;;3.0;;
446;;;2.0;;;;25997.97552;3.0;4.0;;5.0;;
447;;;2.0;;;;1940.650767;3.0;4.0;;5.0;;
448;;;2.0;;;;30403.06417;3.0;5.0;;5.0;;
449;3.0;;2.0;;;;3565.802946;3.0;1.0;;1.0;;
450;;;2.0;;;;5997.81768;3.0;5.0;;5.0;;
451;;;2.0;;;;6938.181846;3.0;5.0;;4.0;;
452;;;2.0;;;;17043.98438;3.0;5.0;;5.0;;
453;;;2.0;;;;12195.46971;3.0;4.0;;5.0;;
454;;;2.0;;;;4364.675843;3.0;4.0;;1.0;;
455;;;2.0;;;;16681.56978;3.0;5.0;;5.0;;
456;;;2.0;;;;14927.00372;3.0;4.0;;5.0;;
457;;;2.0;;;;16163.54265;3.0;4.0;;5.0;;
458;;;2.0;;;;2179.318574;3.0;4.0;;1.0;;
459;;;2.0;;;;2289.408629;3.0;5.0;;5.0;;
460;;;2.0;;;;7740.770863;3.0;3.0;;1.0;;
461;;;2.0;;;;5072.225091;3.0;4.0;;1.0;;
462;;;2.0;;;;6507.111926;3.0;4.0;;1.0;;
463;;;2.0;;;;4644.22097;3.0;4.0;;1.0;;
464;;;2.0;;;;29946.44592;3.0;4.0;;5.0;;
465;;;2.0;;;;10360.35675;3.0;4.0;;5.0;;
466;;;2.0;;;;3447.351621;3.0;1.0;;5.0;;
467;;;2.0;;;;11659.97682;3.0;4.0;;5.0;;
468;;;2.0;;;;1661.012737;3.0;4.0;;1.0;;
469;;4.0;2.0;6.0;;5.0;7715.0;3.0;7.0;;5.0;;
470;;;2.0;;;;12016.44563;3.0;4.0;;5.0;;
471;;;2.0;;;;9069.005054;3.0;3.0;;1.0;;
472;;;2.0;;;;864.834027;3.0;5.0;;3.0;;
473;;;2.0;;;;8102.628048;3.0;3.0;;5.0;;
474;;;2.0;;;;425.774449;3.0;5.0;;5.0;;
475;;6.0;2.0;9.0;;1.0;13965.0;3.0;7.0;;5.0;;
476;;;2.0;;;;3130.366585;3.0;4.0;;3.0;;
477;;;2.0;;;;19928.15802;3.0;4.0;;5.0;;
478;;;2.0;;;;5248.740791;3.0;4.0;;5.0;;
479;;;2.0;;;;4613.748786;3.0;5.0;;5.0;;
480;;;2.0;;;;435.622167;3.0;5.0;;5.0;;
481;;;2.0;;;;23225.75;3.0;4.0;;5.0;;
482;;;2.0;;;;5837.745811;3.0;1.0;;1.0;;
483;;;2.0;;;;4497.527133;3.0;5.0;;5.0;;
484;;;2.0;;;6.0;9995.0;3.0;7.0;;5.0;;
485;;;2.0;;;;14087.53221;3.0;5.0;;5.0;;
486;;;2.0;;;;4349.068139;3.0;4.0;;5.0;;
487;;7.0;2.0;5.0;;;3462.0;3.0;7.0;;5.0;;
488;;;2.0;;;;10319.38653;3.0;3.0;;1.0;;
489;;;2.0;;;2.0;1469.0;3.0;7.0;;1.0;;
490;;;2.0;;;;17957.59248;3.0;5.0;;5.0;;
491;;4.0;2.0;5.0;;6.0;2001.0;3.0;7.0;;5.0;;
492;;;2.0;;;;3343.57897;3.0;4.0;;5.0;;
493;;;2.0;;;;7054.031887;3.0;4.0;;5.0;;
494;;;2.0;;;;5885.219244;3.0;5.0;;4.0;;
495;;;2.0;;;;13913.33909;3.0;4.0;;5.0;;
496;;;2.0;;;;11226.02691;3.0;4.0;;5.0;;
497;;;2.0;;;;3840.331311;3.0;4.0;;1.0;;
498;;;2.0;;;;14279.1911;3.0;3.0;;5.0;;
499;;;2.0;;;;2766.186825;3.0;4.0;;4.0;;
500;;4.0;2.0;8.0;;4.0;6099.7;3.0;7.0;;1.0;;
501;;;2.0;;;;9770.329801;3.0;1.0;;1.0;;
502;;5.0;2.0;8.0;;;3201.0;3.0;7.0;;1.0;;
503;;;2.0;;;;4952.008609;3.0;4.0;;1.0;;
504;1.0;3.0;2.0;1.0;1.0;1.0;1.0;3.0;1.0;1868.0;1.0;;
505;;;5.0;;;;17738.2561;;9.0;2011.0;;1056.0;
506;;;5.0;;;;14454.8769;;9.0;2011.0;;846.0;
507;;;5.0;;;;20105.8901;;9.0;2011.0;;6566.0;608.3
508;;;5.0;;;;16165.5006;;;;;816.0;
509;;;5.0;;;;16394.3208;;9.0;2011.0;;928.0;
510;;;5.0;;;;18405.7645;;9.0;2011.0;;944.0;
511;;;5.0;;;;10648.2677;;9.0;2011.0;;211.0;
512;;;5.0;;;;156039.4853;;9.0;2011.0;;121.0;
513;;;5.0;;;;9184.859;;9.0;2011.0;;200.0;
514;;;5.0;;;;1221.2091;;9.0;2011.0;;1082.0;
515;;;5.0;;;;11602.1032;;9.0;2011.0;;1067.0;
516;;;5.0;;;;17910.4055;;9.0;2011.0;;1529.0;
517;;;5.0;;;;17370.824;;9.0;2011.0;;1470.0;
518;;;5.0;;;;57612.6125;;9.0;2011.0;;1470.0;
519;;;1.0;;;;43129.3073;;9.0;2011.0;;13377.0;2892.0
520;;;4.0;;;;50208.1473;;9.0;2011.0;;;
521;;;4.0;;;;30707.985;;9.0;2011.0;;641.0;
522;;;5.0;;;;21922.0;;9.0;2011.0;;1082.0;
523;;;1.0;;;;15315.252;;9.0;2011.0;;7503.0;136.0
524;;;4.0;;;;57730.042;;9.0;2011.0;;208.0;
525;;;5.0;;;;37903.6042;;9.0;2011.0;;200.0;
526;;;1.0;;;;37903.6042;;9.0;2011.0;;1747.0;244.0
527;;;4.0;;;;14407.4963;;9.0;2011.0;;1813.0;
528;;;5.0;;;;19223.2183;;9.0;2011.0;;121.0;
529;;;1.0;;;;17441.0;;9.0;2011.0;;10428.0;1859.0
530;;;4.0;;;;14771.6763;;9.0;2011.0;;3751.0;
531;;;4.0;;;;21633.6806;;9.0;2011.0;;;
532;;;1.0;;;;16682.9705;;9.0;2011.0;;11934.0;1751.0
533;;;4.0;;;;29168.0;;9.0;2011.0;;1812.0;
534;;;5.0;;;;15359.0;;9.0;2011.0;;1067.0;
535;;;1.0;;;;72013.7;;9.0;2011.0;;3716.0;1512.0
536;;;5.0;;;;37903.6042;;9.0;2011.0;;211.0;
537;;;1.0;;;;37903.6042;;9.0;2011.0;;9419.0;756.0
538;;;4.0;;;;14407.4963;;9.0;2011.0;;4788.0;
539;;;5.0;;;;19223.2183;;9.0;2011.0;;944.0;
540;;;1.0;;;;17441.0;;9.0;2011.0;;11783.0;1194.0
541;;;4.0;;;;14771.6763;;9.0;2011.0;;6135.0;
542;;;5.0;;;;21633.6806;;9.0;2011.0;;928.0;
543;;;1.0;;;;16682.9705;;9.0;2011.0;;9396.0;2052.0
544;;;4.0;;;;29168.0;;9.0;2011.0;;4073.0;133.0
545;;;5.0;;;;15359.0;;9.0;2011.0;;799.0;
546;;;1.0;;;;37903.6042;;9.0;2011.0;;11388.0;532.0
547;;;4.0;;;;37903.6042;;9.0;2011.0;;2731.0;265.0
548;;;5.0;;;;14407.4963;;9.0;2011.0;;816.0;
549;;;1.0;;;;19223.2183;;9.0;2011.0;;10762.0;3130.0
550;;;4.0;;;;17441.0;;9.0;2011.0;;5078.0;240.0
551;;;4.0;;;;14771.6763;;9.0;2011.0;;846.0;
552;;;1.0;;;;21633.6806;;9.0;2011.0;;6566.0;2148.0
553;;;4.0;;;;16682.9705;;9.0;2011.0;;1322.0;233.0
554;;;5.0;;;;29168.0;;9.0;2011.0;;1056.0;
555;;;1.0;;;;15359.0;;9.0;2011.0;;13315.0;1673.0
556;;;4.0;;;;37903.6042;;9.0;2011.0;;3887.0;1024.0
557;;;5.0;;;;37903.6042;;9.0;2011.0;;812.0;
558;;;1.0;;;;14407.4963;;9.0;2011.0;;9927.0;249.0
559;;;4.0;;;;19223.2183;;9.0;2011.0;;3151.0;292.0
560;;;5.0;;;;17441.0;;9.0;2011.0;;439.0;
561;;;1.0;;;;14771.6763;;9.0;2011.0;;14396.0;638.0
562;;;4.0;;;;21633.6806;;9.0;2011.0;;2863.0;563.0
563;;;5.0;;;;16682.9705;;9.0;2011.0;;499.0;
564;;;;;;;;;;;;;
